Student_ID,Name,Department,Python,Pandas,NumPy,Data_Analysis,Attendance,Total_Marks,Average_Marks,Grade,Status
S001,Aarav Sharma,CSE,88,82,91,86,92,347.0,86.75,A,PASS
S002,Vivaan Kumar,CSE,76,81,74,79,84,310.0,77.5,B,PASS
S003,Aditya Singh,CSE,92,89,95,90,96,366.0,91.5,A+,PASS
S004,Arjun Verma,IT,68,72,65,70,78,275.0,68.75,C,PASS
S005,Rohan Gupta,IT,81,77,83,80,88,321.0,80.25,A,PASS
S006,Yash Raj,CSE,59,64,61,66,72,250.0,62.5,C,PASS
S007,Kunal Mishra,ECE,73,69,78,75,81,295.0,73.75,B,PASS
S008,Harsh Vardhan,ECE,45,52,49,56,68,202.0,50.5,D,PASS
S009,Ayush Tiwari,CSE,87,91,84,89,94,351.0,87.75,A,PASS
S010,Dev Kumar,IT,62,58,67,64,76,251.0,62.75,C,PASS
S011,Ankit Yadav,ECE,79,74,71,77,85,301.0,75.25,B,PASS
S012,Mohit Saini,CSE,51,48,55,53,69,207.0,51.75,D,PASS
S013,Priyanshu Rai,IT,94,90,88,93,97,365.0,91.25,A+,PASS
S014,Rahul Chauhan,ECE,66,61,70,68,79,265.0,66.25,C,PASS
S015,Nikhil Patel,CSE,84,86,80,82,91,332.0,83.0,A,PASS
S016,Aman Singh,IT,32,34,38,30,62,134.0,33.5,F,FAIL
S017,Shivam Gupta,ECE,71,76,68,73,83,288.0,72.0,B,PASS
S018,Saurabh Kumar,CSE,89,85,92,87,95,353.0,88.25,A,PASS
S019,Vikas Sharma,IT,57,63,59,61,71,240.0,60.0,C,PASS
S020,Manish Kumar,ECE,30,28,36,32,65,126.0,31.5,F,FAIL
